Date,Platform,Region,Impressions,Clicks,Spend,Conversions,Revenue
2024-10-16,Facebook,Europe,244393,10012,1602.01,335,16568.71
2024-11-23,Facebook,Middle East,58331,1122,921.63,109,4383.35
2023-01-28,Instagram,Middle East,107787,4679,3151.7,878,48089.83
2023-06-13,LinkedIn,Asia,122842,3547,1468.91,394,9490.83
2024-01-25,Facebook,Asia,272165,12270,3216.77,227,11165.96
2024-07-03,Facebook,Middle East,70656,5522,1819.3,790,34044.33
2024-12-22,Facebook,Europe,223346,8467,3978.81,213,11547.31
2023-04-14,LinkedIn,Asia,168858,11415,4253.5,716,24921.98
2023-08-03,Google,Europe,209680,11403,1270.12,1052,27915.98
2024-01-24,Google,North America,229467,11626,4292.83,279,8136.18
2023-02-02,Google,Middle East,120186,2084,1449.42,340,18718.6
2023-11-19,Instagram,Middle East,153712,11532,2564.83,1134,29013.63
2024-07-28,Google,Middle East,285358,20121,2297.3,948,56778.59
2023-05-22,LinkedIn,Europe,248123,2543,4374.96,128,5772.52
2024-11-27,LinkedIn,Europe,150864,7252,3181.5,1008,41493.89
2024-07-20,Facebook,Europe,228706,9743,3958.69,746,18248.72
2024-03-21,Instagram,Middle East,50850,3957,4441.34,319,18781.29
2023-07-02,Facebook,Asia,270638,17635,3240.37,676,23630.63
2023-06-15,Facebook,Asia,178085,1319,1003.4,142,7831.14
2023-11-11,Instagram,Europe,113143,8192,3053.11,211,4942.92
2024-05-12,Facebook,North America,83657,6404,2638.77,1175,31260.97
2024-06-24,LinkedIn,North America,293509,18671,3898.69,2875,80632.37
2023-11-16,LinkedIn,Asia,164845,9479,2531.69,557,16146.26
2023-12-13,Facebook,North America,204256,4608,532.36,774,35018.95
2023-08-23,Facebook,Europe,275348,11827,818.86,1024,31886.43
2024-05-12,Instagram,North America,239622,16488,1593.49,1987,103919.86
2023-07-14,Facebook,Europe,222748,15124,2094.34,1733,67034.15
2023-02-25,Facebook,Europe,155544,6559,4102.67,273,8175.33
2023-07-14,LinkedIn,North America,160593,4006,1753.45,305,16768.73
2023-03-19,LinkedIn,Europe,63261,3671,4996.77,65,3819.39
2023-08-31,Instagram,Middle East,177307,8886,1461.86,871,48861.11
2023-06-18,LinkedIn,Europe,152346,5345,4669.33,853,32584.89
2024-03-09,LinkedIn,North America,99780,3430,1479.65,109,4705.23
2024-07-09,Facebook,Asia,64985,1410,3128.8,178,10106.04
2024-06-27,Instagram,Europe,183124,2312,4331.04,85,3723.12
2024-11-22,Instagram,Middle East,81427,5666,1607.97,131,5865.56
2024-03-05,Google,Asia,103545,6486,3722.86,538,16476.02
2023-05-15,Google,Middle East,132883,2188,541.92,368,22057.25
2023-04-13,Facebook,North America,182614,5345,1096.05,407,22480.47
2023-09-08,Google,Asia,91352,4589,4251.85,770,24717.53
2024-10-31,Facebook,Asia,294254,22737,966.14,1150,35165.43
2023-04-20,Instagram,Asia,123860,4450,3729.25,258,12254.97
2023-09-28,LinkedIn,Asia,287328,2664,915.34,266,14144.26
2023-02-15,Facebook,Asia,252144,5286,3367.01,318,8415.32
2024-03-28,LinkedIn,Europe,79327,1616,4752.73,126,5269.78
2024-01-14,Instagram,Middle East,83409,1342,1887.16,253,14898.63
2023-02-10,Google,North America,228799,9176,3501.2,774,39632.4
2024-02-21,Instagram,North America,276651,6324,4892.93,412,22765.74
2023-01-26,Instagram,Asia,255097,14491,4110.06,1066,32696.6
2024-12-19,Facebook,Middle East,278633,2268,4363.67,163,4561.21
2024-04-16,Google,Asia,265098,8457,1503.16,1401,38842.99
2023-12-03,Google,Europe,252722,10146,2080.16,1093,39333.94
2024-07-03,Google,Europe,80236,3139,1303.56,321,6911.22
2024-09-02,LinkedIn,Asia,240983,11278,2463.77,2144,52797.78
2024-08-13,Instagram,Asia,61635,3903,2462.26,582,33187.39
2024-07-05,Instagram,Asia,163062,2146,4769.94,219,9838.84
2024-11-10,Facebook,Asia,182939,6067,3501.02,718,25916.94
2023-10-30,Instagram,North America,160217,11894,4731.64,762,34000.89
2023-11-05,LinkedIn,Europe,129658,5700,1445.82,709,27367.07
2024-03-28,Instagram,Middle East,258072,6560,3464.83,631,25630.01
2024-10-10,Google,Europe,264544,8696,3527.58,510,26653.88
2023-05-31,Facebook,Europe,114184,9060,2638.11,1790,90823.84
2024-04-11,LinkedIn,North America,238310,13582,2724.7,1049,27172.09
2024-12-05,Facebook,Europe,254058,14931,1484.79,2900,118083.1
2023-02-21,Instagram,Europe,169658,3184,4106.37,593,35292.81
2024-09-01,Google,Middle East,210603,14353,3736.73,2117,78476.41
2024-07-15,LinkedIn,North America,244944,16554,2525.31,3129,93524.53
2024-10-14,Google,Middle East,214298,4919,1735.69,129,6261.89
2023-08-29,Google,Asia,133809,9849,862.6,358,10471.66
2024-12-11,Instagram,North America,66837,4398,2334.2,605,23375.37
2023-03-05,Instagram,Middle East,152099,10569,4757.28,130,7055.01
2024-08-12,LinkedIn,Middle East,51545,2440,1843.76,249,13480.34
2024-03-05,Instagram,Middle East,107520,3235,2461.26,79,2808.79
2024-11-15,LinkedIn,North America,270333,16315,4637.94,2598,107466.13
2024-02-08,Facebook,Europe,218492,15044,1110.65,1941,52929.44
2023-09-24,LinkedIn,Asia,105485,4724,1970.81,829,45748.86
2023-10-12,LinkedIn,Asia,268866,3683,2616.38,602,13294.22
2023-12-25,Instagram,Europe,254795,2319,3894.05,176,4923.5
2023-01-21,Instagram,North America,83088,4879,3512.56,627,36309.75
2024-04-21,Google,Asia,93984,5963,3232.61,284,14515.72
2023-06-17,Google,Europe,201698,1420,4679.99,197,9277.5
2024-01-20,LinkedIn,North America,69922,2989,958.56,358,19336.2
2024-09-06,Facebook,Europe,141017,9728,2427.7,808,18388.68
2024-10-25,Google,Europe,272711,14764,4200.49,482,17998.33
2024-01-06,LinkedIn,North America,164160,3885,3802.08,716,22055.16
2024-07-05,LinkedIn,Middle East,164183,12977,3166.14,1370,74073.88
2023-03-30,Google,Middle East,113927,7147,2591.19,1299,60699.07
2023-12-11,Facebook,Middle East,273072,11650,1318.28,918,31389.17
2023-09-22,Google,Asia,280770,20534,3655.33,1181,49875.57
2024-06-13,Instagram,Europe,113270,6898,2328.93,1187,59737.66
2024-12-08,LinkedIn,Middle East,167486,1282,918.74,106,3834.66
2023-09-07,Google,Asia,174062,10068,2889.15,921,55135.9
2024-07-17,Google,Asia,234249,15868,1719.12,1079,31530.02
2023-07-17,Google,Europe,244741,18559,4778.95,2876,78819.64
2023-08-10,LinkedIn,Asia,239945,18191,3185.56,461,24573.67
2023-10-31,Instagram,Asia,97039,3476,563.67,596,14937.74
2023-02-16,Facebook,Asia,232823,5137,3370.41,820,32500.82
2023-01-13,Google,Middle East,175492,8216,2033.18,155,4665.37
2024-05-04,Facebook,Europe,155043,9056,833.37,1339,63546.32
2023-06-05,Instagram,Asia,72329,3033,1033.03,476,21064.29
2024-09-25,Instagram,Middle East,168099,8253,1838.09,1255,74799.57
2023-11-09,Facebook,Europe,298405,7808,3314.82,591,27432.52
2023-06-10,Instagram,North America,194701,2229,1204.4,259,9847.22
2024-08-31,LinkedIn,Asia,58556,1948,1796.47,194,9335.18
2024-04-09,Facebook,North America,292197,9668,4045.23,1330,57976.81
2023-07-22,LinkedIn,Europe,192753,4683,3414.36,322,17087.01
2023-03-15,Facebook,North America,257782,11079,3177.7,1232,46281.48
2024-04-24,Google,Middle East,297116,9920,2752.12,1061,39798.49
2024-09-04,Facebook,Middle East,242553,11561,3216.71,155,3666.23
2024-11-21,Facebook,Asia,201059,1659,3933.99,139,5395.98
2024-10-29,LinkedIn,Asia,97576,5795,2461.48,1057,62111.66
2024-04-26,Google,Middle East,137374,6260,3515.6,379,12579.82
2024-12-11,LinkedIn,Asia,223692,14122,4161.05,2303,49440.54
2023-04-01,Google,Asia,134744,2899,4865.83,463,25278.14
2023-01-02,LinkedIn,Middle East,64209,2536,2832.98,368,18494.84
2024-10-02,LinkedIn,Europe,103361,3187,2971.49,344,12908.48
2024-12-16,LinkedIn,Europe,57567,3580,3239.92,295,14275.44
2023-11-15,Facebook,Middle East,74434,2840,4965.16,166,6384.01
2023-05-01,Instagram,Middle East,294489,10563,2789.92,1169,42808.33
2024-05-09,LinkedIn,North America,169743,10031,1150.89,440,25024.88
2024-06-04,Instagram,Europe,122416,7798,2029.44,1089,33418.04
2023-01-03,Google,Asia,269539,20232,3109.66,2753,108979.19
2023-06-02,LinkedIn,Middle East,140472,6446,2983.63,1162,40772.72
2023-11-26,Instagram,North America,199893,7274,1551.03,891,19375.59
2024-04-29,LinkedIn,Middle East,223982,5984,2728.98,125,3131.23
2024-08-27,Google,Europe,279163,15427,948.7,1921,39599.31
2023-05-28,LinkedIn,North America,69615,4846,4016.86,321,10767.13
2024-12-10,LinkedIn,Europe,273285,11766,4335.54,2235,78672.84
2023-11-21,LinkedIn,Europe,211863,2121,1556.47,400,22734.87
2023-08-21,Facebook,Middle East,75806,1823,2496.55,203,11395.8
2023-02-17,Google,Europe,126904,6873,2186.78,348,10359.23
2024-02-26,Instagram,North America,95893,1646,3242.71,245,10973.16
2023-09-04,LinkedIn,North America,110866,4777,3370.57,520,15710.8
2023-01-10,LinkedIn,Asia,227631,6176,832.38,757,45046.09
2023-11-03,LinkedIn,Asia,169756,5949,1396.48,837,45309.67
2023-04-20,Instagram,Middle East,199926,6881,3086.65,654,13653.94
2024-11-05,LinkedIn,Asia,52122,3318,4392.8,100,5642.47
2024-05-23,Google,North America,209138,14138,2085.44,2657,73347.23
2023-09-14,Instagram,Europe,286821,21560,3408.53,2580,132984.6
2023-02-04,Google,North America,73627,3417,1970.24,475,12837.16
2023-05-16,Google,Asia,267703,6391,1656.37,1036,60808.4
2023-10-30,Google,Europe,172770,2233,1133.41,165,8976.93
2024-11-21,LinkedIn,Asia,73672,4232,562.63,599,14941.19
2024-01-13,Google,Middle East,265591,13172,987.56,1007,39131.09
2024-09-26,Google,North America,219778,3071,3359.32,525,29597.14
2023-11-06,LinkedIn,Europe,86641,1371,4758.18,127,7599.31
2023-04-29,Facebook,North America,282589,18614,1110.49,1908,66475.6
2024-12-14,LinkedIn,North America,282105,14594,3447.15,2054,91661.99
2023-10-14,Facebook,Asia,106955,4632,2501.13,291,15777.44
2023-04-12,Google,Asia,65872,4261,1741.47,175,10143.08
2024-04-10,Facebook,North America,218218,1699,727.6,220,6543.41
2023-05-09,Instagram,Europe,267531,19160,1432.21,934,49055.66
2023-08-27,Google,North America,256738,20529,512.76,3566,211681.77
2023-05-14,Google,North America,78816,1211,1093.11,141,7275.51
2023-09-01,Google,Europe,95677,3173,735.8,481,19741.89
2023-03-07,LinkedIn,Middle East,253952,12863,2809.57,496,18887.79
2023-08-15,Facebook,Asia,170073,11540,4838.12,299,17923.1
2024-02-16,LinkedIn,Europe,178521,12671,4593.65,351,19645.71
2023-11-26,Instagram,Europe,83080,3252,3309.43,649,27215.33
2023-11-29,LinkedIn,Asia,168938,9282,3224.42,253,13086.13
2023-04-28,Instagram,Middle East,168372,4743,2362.16,897,34211.54
2024-03-01,Facebook,Asia,161873,6120,3492.99,816,47445.26
2024-12-04,LinkedIn,Europe,73914,1699,919.54,99,4928.57
2024-01-17,Instagram,Europe,203738,10201,3027.58,1422,35392.52
2023-12-29,LinkedIn,Europe,125400,6119,2082.41,1089,31046.9
2024-11-03,LinkedIn,North America,272108,4546,2075.51,619,21480.81
2023-10-13,Instagram,Middle East,271552,19381,4885.46,3402,152644.18
2024-11-22,Facebook,Asia,57589,1738,1729.72,208,11827.19
2023-12-26,Facebook,North America,278029,5694,3048.44,870,19821.57
2024-10-10,Facebook,Europe,245588,18382,1468.1,1769,67479.98
2023-06-11,Google,Asia,239162,11629,3995.76,397,21967.47
2023-06-09,Instagram,Europe,226676,3673,1724.46,727,26870.35
2024-09-13,LinkedIn,Middle East,121609,4531,3897.24,166,5611.95
2023-04-24,Google,Middle East,188132,11930,1887.89,953,34127.44
2024-09-05,Facebook,Europe,103588,3469,4753.96,190,9607.62
2023-10-24,Google,Europe,52026,3037,3861.56,229,5763.34
2024-06-29,Instagram,Asia,68894,4252,4377.94,93,3482.74
2024-04-15,Facebook,Asia,200931,8033,3080.3,1503,68545.32
2023-10-24,Facebook,Middle East,55467,2330,1273.43,366,14055.82
2024-12-07,Google,Europe,164481,2734,1594.92,351,12642.32
2023-03-22,LinkedIn,Asia,245508,12125,1497.07,738,17014.72
2024-10-10,Facebook,North America,287482,12448,2079.95,654,19260.79
2023-05-30,Google,North America,95481,5934,1187.91,204,5525.51
2024-10-05,LinkedIn,Middle East,247773,19472,3919.45,1888,89199.2
2024-08-01,Google,Asia,89572,4602,807.29,502,22718.21
2023-10-09,Facebook,Asia,182995,2215,1896.84,281,6042.71
2024-01-13,Google,Europe,218995,3958,3267.54,569,20130.82
2024-08-17,Facebook,Middle East,288301,19732,3433.27,1366,60377.52
2024-05-28,Instagram,Europe,168101,2695,4149.35,478,16126.53
2023-03-28,Instagram,Europe,114944,8172,4959.44,1123,45941.84
2023-06-12,Google,Asia,290631,10269,2243.37,1636,54862.75
2024-09-04,Facebook,Asia,67278,3700,925.28,445,13957.82
2024-11-03,Instagram,Asia,71365,2158,4625.36,208,12211.23
2024-12-16,LinkedIn,North America,205986,12613,4721.01,1318,55826.37
2024-10-20,Google,North America,225666,4062,3407.11,483,19484.0
2023-01-19,Google,Asia,97254,2754,2037.8,442,17437.27
2023-08-20,Instagram,North America,70228,3423,4299.93,153,6167.06
2024-07-06,Facebook,Asia,279741,21251,1089.72,3136,82069.47
2023-07-05,Instagram,Middle East,61453,2682,2139.35,418,12331.5
2024-03-30,Google,Middle East,111342,5374,1576.26,1010,56720.56
2023-07-18,Google,Middle East,171026,13606,1767.97,1614,64747.66
2024-03-04,Instagram,North America,260045,5535,4428.51,156,7120.96
2024-01-16,Facebook,Europe,124727,2374,3934.03,189,7176.85
2024-06-09,Instagram,Middle East,74042,2818,4175.16,407,23288.08
2024-02-29,Facebook,Middle East,181598,7126,1561.0,217,7594.24
2023-01-29,Google,Europe,269985,11986,4061.21,613,13199.19
2024-04-28,Instagram,Middle East,167598,11081,523.63,374,7764.3
2023-08-09,Instagram,Middle East,79146,3360,1569.38,174,3812.34
2024-03-05,LinkedIn,Europe,79060,5094,3185.33,66,2988.36
2024-08-11,Instagram,North America,126355,8032,507.04,772,22868.62
2024-03-02,Instagram,Europe,187228,6908,804.56,1127,47067.21
2024-06-03,Facebook,Middle East,278938,16405,695.9,1634,96800.74
2023-09-17,Facebook,Asia,256705,3213,2051.61,156,7934.17
2023-12-07,Instagram,Europe,142353,9945,2023.46,1366,36886.87
2024-12-02,LinkedIn,Middle East,215605,3986,4151.74,114,5545.17
2024-04-13,Facebook,Asia,102845,1358,4059.99,60,1957.43
2023-11-14,LinkedIn,Middle East,116404,1599,3889.81,147,4622.33
2023-02-18,Google,Asia,82630,4014,2466.28,459,22827.13
2024-01-31,Google,North America,180076,12338,2738.86,2176,66735.37
2023-03-26,LinkedIn,Europe,162881,10870,4977.94,789,32995.17
2023-11-25,Facebook,Europe,135962,5843,1879.23,922,24585.86
2024-03-30,Google,Middle East,61103,3977,4415.17,411,18328.16
2024-03-21,Google,Europe,69671,4327,2134.9,817,38543.14
2023-02-01,Instagram,Middle East,59122,1517,802.55,249,11405.82
2024-01-06,LinkedIn,Europe,208621,3513,3555.78,429,14963.75
2023-03-20,Instagram,Asia,154342,6150,3423.02,561,32774.07
2023-01-27,Instagram,Middle East,185723,7340,4610.94,291,8867.08
2023-09-24,LinkedIn,North America,210399,5678,3622.91,1055,29547.53
2023-05-19,Facebook,Middle East,95260,6843,2503.0,229,12004.3
2023-11-24,Google,Europe,194178,9882,1806.63,664,35892.18
2024-12-29,Instagram,Asia,183367,4673,1046.13,255,13179.07
2023-08-31,LinkedIn,Europe,144606,10077,3075.25,1007,52511.49
2024-07-18,Instagram,Europe,67235,3533,2291.72,540,22155.03
2024-02-24,Facebook,North America,133106,2215,2524.89,398,16196.37
2023-05-12,Instagram,North America,163408,9238,4598.21,163,8680.67
2024-06-14,Instagram,Asia,93163,2326,1951.97,413,11984.77
2024-06-15,Google,Europe,115694,4216,3357.76,614,19020.52
2024-10-02,Google,Europe,181746,11501,1258.86,681,18283.5
2024-10-01,Google,Europe,266330,1929,865.5,378,19217.86
2023-09-29,Instagram,Middle East,212033,11469,636.29,2284,72144.4
2023-11-06,LinkedIn,North America,260944,14306,1838.45,348,16545.5
2023-06-11,LinkedIn,Middle East,176943,8609,1418.1,1292,33264.8
2023-11-23,Google,Middle East,84279,4035,2817.41,158,5176.81
2024-04-22,Facebook,Asia,167858,5061,1133.95,101,3192.46
2024-01-29,LinkedIn,North America,276835,6233,4160.65,1233,60226.05
2023-07-14,Instagram,Middle East,184932,8648,2744.42,681,27168.37
2023-04-03,LinkedIn,Middle East,113105,2762,3125.05,74,1629.6
2024-05-21,LinkedIn,Asia,190690,1133,4312.28,160,4057.18
2023-09-28,Google,Middle East,145928,1741,2302.62,341,14483.18
2024-01-07,Google,Europe,151279,9261,2526.59,1176,36678.06
2024-09-30,Facebook,North America,75344,4226,2179.39,397,16798.37
2024-01-10,Instagram,North America,207932,9341,2306.24,132,2879.2
2023-05-21,Google,Middle East,186139,8487,1170.23,1105,28278.32
2024-09-19,Google,North America,153010,11100,3826.94,1275,55779.96
2024-06-03,LinkedIn,Asia,174490,1272,2157.61,222,5413.29
2024-03-02,Google,Europe,206476,8775,1694.89,1392,71432.09
2024-08-15,Instagram,Europe,202967,8871,1267.3,1338,65357.71
2024-01-25,Instagram,North America,58276,3345,4766.92,162,4476.28
2024-03-27,Google,Middle East,89696,4382,3607.25,470,18834.21
2024-09-18,LinkedIn,Europe,235014,5524,2834.07,715,42846.31
2024-05-04,LinkedIn,Asia,95398,4765,4604.56,400,16740.37
2024-11-23,Google,Middle East,100400,3019,1755.53,355,10293.11
2023-11-01,Google,North America,230942,17023,1926.68,1478,62696.03
2023-10-08,Google,Europe,200333,12085,2944.36,1666,87856.67
2023-05-30,Google,Europe,125400,2294,2058.64,276,12761.93
2024-05-05,Instagram,North America,267042,18648,1720.1,2352,112535.8
2023-05-21,Facebook,North America,113558,1415,3514.25,185,5369.97
2023-08-27,Facebook,Europe,158344,6411,3728.11,255,12048.16
2023-05-21,Facebook,North America,156668,11696,4707.64,1998,78117.69
2023-07-24,Google,Asia,124819,1969,4585.72,95,4378.74
2023-08-26,Facebook,North America,159546,3880,4702.65,87,5210.16
2024-02-11,LinkedIn,North America,295526,10485,4445.34,87,2778.4
2024-09-09,Facebook,Asia,124596,8444,4950.95,1162,47610.33
2023-05-18,LinkedIn,Asia,100544,7625,1006.91,382,18811.5
2024-10-25,Google,North America,53692,4017,2017.0,352,15034.36
2023-07-17,Instagram,Middle East,266790,15014,2818.76,405,14593.5
2023-04-08,Instagram,North America,175161,6301,4711.21,63,1917.18
2023-08-30,LinkedIn,Asia,136409,5947,3121.07,73,2223.74
2024-01-04,Instagram,Europe,225056,4873,2594.28,213,7714.15
2024-05-29,Google,Europe,217434,10667,2153.95,954,27441.95
2023-05-17,LinkedIn,North America,169269,13250,4949.77,1580,57881.44
2024-07-16,LinkedIn,North America,249716,9108,3561.54,1270,69755.26
2023-03-25,LinkedIn,Asia,70474,5621,1004.94,1085,30473.6
2024-07-03,Instagram,North America,136014,9525,2488.28,1443,40715.77
2024-08-20,LinkedIn,Europe,285638,17723,2504.67,277,10564.03
2024-06-09,LinkedIn,Middle East,197825,1945,3014.59,207,10128.76
2024-02-10,Google,Europe,245508,8140,3102.4,142,5246.6
2024-12-18,Facebook,Europe,294995,3261,4937.62,533,11336.59
2024-02-23,Instagram,North America,250757,14774,2185.07,1616,61313.44
2024-01-22,LinkedIn,Europe,228973,5357,3440.9,406,10046.6
2024-07-04,LinkedIn,North America,240803,8297,4256.7,1598,33413.24
2023-11-02,LinkedIn,Middle East,189443,7214,4205.12,556,21364.31
2023-06-08,Google,North America,295736,4697,644.98,726,26694.75
2023-01-17,Instagram,North America,67639,1826,3172.75,278,12207.37
2024-12-21,Facebook,North America,244128,2449,2310.19,169,7028.78
2023-02-27,Instagram,Asia,111384,7682,4623.79,1229,40257.31
2024-09-04,Google,North America,129105,3347,4935.63,583,16814.72
2023-11-04,Google,Europe,195940,10693,4458.71,767,34545.47
2024-03-13,LinkedIn,Europe,140286,7244,4036.12,702,33592.34
2024-02-23,Instagram,Asia,148686,4012,3894.87,534,15827.08
2023-08-19,Google,North America,261229,16172,4616.34,2353,85901.21
2024-03-02,Instagram,Middle East,113663,3088,1415.02,130,7395.58
2024-01-15,Facebook,North America,63510,2099,2197.26,359,15837.96
2023-03-16,Instagram,North America,175670,4422,4412.63,390,12529.73
2023-01-16,Instagram,North America,244373,4844,3860.96,822,32186.92
2023-09-06,Instagram,Middle East,289894,8842,2984.36,1638,51306.04
2024-04-22,Google,Asia,118566,6892,2807.67,1068,41267.69
2024-04-25,Google,North America,147178,6126,2362.69,1202,65585.2
2023-05-30,Facebook,Asia,195047,10568,3106.14,1760,55981.54
2023-07-20,Google,North America,149572,10335,4250.13,1072,45051.55
2024-12-02,Google,Asia,250110,17011,4849.29,2678,132785.32
2024-04-16,Instagram,Asia,94371,2146,3741.41,300,8208.57
2024-07-09,Facebook,Europe,269956,3435,4753.35,99,5006.78
2024-02-27,Instagram,North America,67817,2237,541.14,308,11778.04
2023-03-03,LinkedIn,Middle East,54123,1027,2894.96,155,3173.48
2024-06-26,Google,Asia,54493,3057,4159.21,490,25600.89
2023-07-03,Facebook,Europe,187464,3439,1584.36,684,28083.84
2023-12-29,Google,Middle East,70714,4056,4816.84,520,22152.05
2024-12-14,Instagram,Asia,229317,3641,3441.81,715,36024.16
2023-04-06,LinkedIn,Middle East,148872,10055,2642.02,1354,27591.82
2023-06-25,Facebook,Middle East,271598,15218,3402.08,1406,59943.78
2023-04-08,Facebook,North America,105421,8383,4406.53,1210,47214.21
2023-02-17,Facebook,Asia,285749,18794,3035.79,184,5000.05
2023-11-19,Facebook,North America,203887,3362,3885.15,457,26119.83
2023-11-03,Instagram,North America,198555,14674,4322.49,2823,157695.69
2023-12-06,LinkedIn,North America,257224,3569,2753.57,404,8947.73
2024-03-23,Instagram,Europe,139284,10915,3960.53,1674,98358.92
2023-12-01,Facebook,Asia,255402,15763,2707.72,1507,63477.11
2024-01-20,LinkedIn,North America,228177,13454,885.62,2583,82178.61
2023-09-10,Facebook,Europe,120247,3526,2210.0,699,18293.58
2024-02-03,Google,Asia,77931,1749,523.38,207,7822.41
2023-10-04,Facebook,North America,72884,2535,2439.41,335,14133.52
2024-02-22,Facebook,Europe,73493,3899,2993.99,661,29032.28
2023-11-29,LinkedIn,Europe,126506,7779,2245.1,223,10925.61
2024-07-26,Instagram,North America,229651,13475,1262.76,1151,36884.08
2024-05-19,Instagram,Europe,93832,4560,1741.83,356,14015.45
2023-03-20,Google,Asia,297522,9080,3744.05,1065,46596.15
2023-07-20,LinkedIn,Europe,85517,3495,530.45,455,15146.35
2024-09-27,LinkedIn,Asia,165401,6484,2437.77,1267,32238.79
2023-11-25,Instagram,Middle East,132361,3910,4840.59,376,11903.38
2024-12-12,LinkedIn,North America,135429,7161,1761.35,854,29548.93
2024-07-31,Instagram,North America,228706,1881,4788.52,286,16507.63
2023-08-03,LinkedIn,Asia,267915,3266,4185.35,468,21958.14
2023-05-23,Google,North America,116238,3525,3718.56,436,10009.95
2024-09-04,LinkedIn,Middle East,190081,9300,4655.73,1831,87280.76
2024-07-10,Facebook,Asia,233929,18593,3172.19,398,9701.16
2023-09-12,Google,North America,219607,2451,3034.49,380,17897.57
2024-02-14,Google,Middle East,77772,1086,943.73,106,4285.27
2024-06-15,Instagram,Middle East,148073,7408,2583.78,1441,62746.33
2024-05-27,Instagram,Asia,56438,2977,970.47,475,26990.4
2023-03-29,Facebook,North America,141312,6110,2043.8,473,19319.49
2023-12-23,LinkedIn,Europe,164862,12829,3635.43,1356,30763.54
2023-02-15,Facebook,Europe,272607,12241,3415.86,723,41353.36
2023-09-07,Instagram,North America,136766,10172,2418.66,996,29157.13
2024-02-19,Instagram,North America,217897,15160,2280.12,2565,141905.79
2024-04-05,LinkedIn,Middle East,51166,3886,1466.58,335,16781.16
2023-03-06,Facebook,North America,145890,6340,1386.83,283,8629.84
2024-05-16,Google,Middle East,210250,7431,3141.52,762,25968.5
2024-04-13,Instagram,Asia,290827,21135,3155.76,1147,37308.96
2023-09-02,Google,Europe,97984,4058,3620.46,573,20363.58
2024-09-02,Instagram,Middle East,160897,4043,2690.02,600,28642.39
2024-10-22,Instagram,North America,178356,5732,1131.33,694,37253.51
2024-09-26,Facebook,Asia,299519,1314,2680.74,99,5208.26
2024-07-29,LinkedIn,Middle East,229489,17112,2370.34,1868,73875.63
2023-03-26,Facebook,North America,126569,1535,1736.84,197,5265.49
2024-04-13,LinkedIn,Europe,200133,2871,1705.5,425,17714.74
2023-02-12,LinkedIn,North America,161451,2677,3811.95,384,19220.67
2023-11-01,Facebook,Middle East,118895,6711,4379.9,228,8564.32
2023-05-01,Instagram,North America,262520,20265,3601.1,3576,173186.25
2024-10-09,LinkedIn,North America,211520,3281,4031.82,261,13628.8
2024-08-06,Google,Asia,206462,9827,1257.7,1491,47272.73
2024-08-09,Google,Europe,85543,4371,4634.46,333,18209.07
2023-05-10,Instagram,North America,88336,6827,1949.44,556,28055.17
2024-11-23,LinkedIn,Middle East,87269,5730,3345.81,898,31436.19
2023-03-19,Facebook,Middle East,185164,13284,1752.02,1561,59611.2
2024-05-14,Google,Europe,277778,4052,3789.19,519,23559.29
2024-12-15,Google,Europe,258582,18512,2289.72,1809,95865.98
2024-05-21,Google,Asia,267145,10292,2019.9,1233,31100.91
2024-05-11,Google,Europe,62043,1407,3317.81,264,10133.18
2023-05-08,Instagram,Middle East,169673,1011,4963.27,159,4466.74
2024-12-06,Instagram,Asia,91674,3244,920.03,419,12576.52
2024-01-16,Instagram,Europe,153898,11249,1874.79,1009,37503.76
2023-04-04,Facebook,Europe,105947,4906,850.72,657,19084.3
2024-11-27,LinkedIn,Europe,52113,3849,2046.08,173,10298.03
2024-03-08,Instagram,Middle East,68567,2875,2223.81,154,3715.72
2024-01-12,Google,North America,150328,3181,3387.09,196,4456.35
2024-07-30,Facebook,North America,165369,6753,3750.94,1336,66707.49
2024-02-26,LinkedIn,North America,72724,1823,1130.06,113,4924.87
2024-01-29,Google,Middle East,132445,3290,1615.04,136,4070.03
2024-09-07,Google,Europe,272269,10884,1424.51,2137,58865.5
2024-02-06,Google,Europe,255468,8842,2726.99,280,8300.12
2024-10-15,Facebook,Europe,144659,6185,1093.92,1214,44717.13
2024-07-13,Instagram,Middle East,251947,3391,575.1,119,2445.66
2023-08-09,Facebook,Europe,298690,14040,2779.75,2624,127277.55
2024-03-01,LinkedIn,Middle East,71607,5395,2919.45,362,11257.73
2023-11-14,Facebook,North America,261828,6091,2913.76,850,36938.86
2024-10-27,Facebook,Asia,233153,15335,3784.81,1027,22918.78
2023-03-30,LinkedIn,Europe,168848,11031,3239.75,1316,61382.43
2024-11-04,Instagram,Europe,53320,3899,1117.45,61,1619.75
2023-12-22,Google,North America,147483,3079,3873.99,325,16028.17
2023-05-01,Facebook,Asia,261578,15068,1723.91,311,9491.09
2024-08-13,Facebook,Middle East,169327,9368,2120.56,1073,58343.72
2023-06-20,Google,North America,116877,2685,4524.21,395,19319.9
2023-08-22,Facebook,Europe,275100,1402,1600.48,170,5875.04
2023-06-03,Instagram,Europe,194930,14158,4612.76,2735,100579.0
2023-11-26,Instagram,Middle East,290085,11483,1720.66,369,15815.87
2023-05-03,Facebook,North America,108506,7589,2820.98,144,8375.5
2023-03-12,LinkedIn,Asia,252775,11180,1972.85,1920,39012.03
2023-07-25,Google,Asia,243875,8948,2587.67,1261,74240.5
2023-07-20,Instagram,North America,51671,2679,607.6,327,11071.22
2024-12-11,Facebook,Asia,50383,3692,2193.24,364,8793.5
2024-06-26,Instagram,Middle East,178982,1981,4876.52,122,5912.86
2023-04-06,Facebook,North America,285218,18031,2358.76,1575,60382.86
2023-03-28,Facebook,North America,217042,14434,2274.58,2474,105671.54
2024-03-21,Instagram,North America,126461,5276,4329.11,998,51928.61
2024-12-18,Google,Asia,168687,5455,1551.25,465,11831.68
2024-08-21,Facebook,North America,77697,2346,2523.05,210,7614.71
2024-07-02,Google,North America,168467,6051,2585.06,295,6966.97
2024-12-03,Google,Europe,106366,7847,4354.58,353,8347.93
2023-09-12,Google,Middle East,184600,1802,3547.33,183,9663.06
2023-06-28,Facebook,Middle East,274028,15817,3001.79,2303,69076.42
2024-04-18,Facebook,North America,81838,1097,777.51,106,2674.23
2024-02-15,Google,Europe,202652,10602,1664.69,357,7451.31
2023-03-08,Instagram,Middle East,262152,5220,913.9,917,48760.78
2023-12-06,Facebook,Europe,297013,16105,727.87,2400,89583.01
2024-02-09,LinkedIn,Europe,150330,7990,1277.63,489,27546.43
2023-10-09,Google,Middle East,281584,5870,655.92,553,25377.8
2024-05-25,LinkedIn,Middle East,65985,1718,1758.99,120,4412.33
2024-10-20,Instagram,Europe,150269,6883,2658.58,1042,35179.34
2024-08-02,Google,Middle East,120893,3946,617.28,661,19010.89
2023-10-15,Facebook,Middle East,188787,6856,3950.79,526,31012.54
2023-04-13,Instagram,North America,119868,1916,3938.22,162,6970.48
2024-02-02,Google,North America,96163,2937,3166.34,417,23585.19
2023-01-29,Google,North America,197615,4084,4265.14,554,23093.48
2023-06-29,LinkedIn,Europe,73660,1460,1546.81,106,2204.49
2024-05-04,Facebook,Asia,290620,21123,1406.59,1118,37598.74
2023-07-01,Google,Europe,55744,1605,3139.74,122,6218.91
2024-06-22,Google,Europe,147934,7481,3137.07,739,23700.18
2023-05-20,Instagram,Middle East,257576,16964,3421.31,763,36843.22
2024-07-29,Google,North America,224465,6745,2202.73,653,16386.34
2023-01-02,LinkedIn,Europe,97731,5934,1931.98,502,22884.11
2023-04-17,LinkedIn,North America,136813,2274,1570.98,213,5690.4
2023-04-01,Google,Middle East,52987,2086,1443.58,404,9175.56
2023-09-20,Facebook,Europe,62621,2580,2471.99,264,15513.72
2024-02-28,LinkedIn,Middle East,142073,9946,2189.06,1747,68446.71
2024-08-14,Instagram,North America,168302,2207,4096.38,67,2130.36
2023-11-23,Google,Europe,69451,3800,1265.47,434,11473.3
2023-03-18,Facebook,Asia,205721,11053,4519.52,176,6556.52
2024-10-31,Instagram,Middle East,91183,1438,955.66,102,6015.55
2024-02-24,Google,Asia,127961,4891,931.62,452,19377.6
2024-05-17,Instagram,Europe,144589,1062,2424.23,125,6619.49
2024-10-02,LinkedIn,North America,75424,1210,1431.29,213,6746.23
2023-03-25,LinkedIn,Europe,130832,7512,2619.25,1403,42932.05
2024-10-19,LinkedIn,North America,147260,7249,2162.31,962,20956.86
2024-03-26,LinkedIn,Asia,109308,7857,1708.53,176,4583.96
2024-12-14,Facebook,Europe,225149,12265,4136.81,1745,102655.25
2024-08-26,Instagram,Europe,270409,13684,4182.82,1764,103414.69
2024-12-04,LinkedIn,North America,174849,5896,855.3,121,4850.17
2024-06-13,Instagram,Europe,298841,15714,1277.96,734,43222.76
2023-07-17,Instagram,Europe,160985,2283,4947.26,272,7636.88
2024-10-04,Instagram,Asia,133820,2097,891.62,334,11988.66
2023-11-30,Google,Middle East,290428,1405,4039.48,209,9092.14
2024-03-05,Facebook,Middle East,89227,2214,3049.67,348,17516.61
2023-04-13,Facebook,Europe,255978,10374,4403.64,1852,62513.83
2024-02-25,Google,Middle East,221648,16911,3074.1,1987,42717.77
2023-10-10,LinkedIn,North America,212069,10972,3563.66,1695,36529.46
2023-12-06,Instagram,Europe,245493,16571,4643.76,1575,32774.67
2023-11-07,Google,Asia,270947,17109,4362.06,2855,68316.43
2023-08-22,Instagram,Asia,244962,15519,3983.14,1364,41979.55
2024-03-02,Facebook,North America,165793,4463,4610.45,466,23131.21
2024-06-12,Google,Europe,185074,13967,1215.38,1324,64058.8
2024-02-18,Instagram,Europe,95544,2579,4438.31,152,8128.82
2023-09-13,Facebook,Middle East,63253,4760,2121.69,253,7832.65
2024-04-20,LinkedIn,Europe,228565,2001,1588.72,300,13128.52
2023-07-01,LinkedIn,Asia,140242,3679,4269.44,314,15686.95
2024-12-06,Facebook,Asia,57195,2583,723.43,487,20887.59
2023-08-08,Instagram,North America,227653,7774,1710.88,888,35991.75
2024-11-29,Facebook,Middle East,288948,5335,3413.17,665,34603.0
2023-08-18,Google,Asia,236840,10023,2407.13,821,44386.09
2024-04-15,Google,North America,172342,5950,3547.38,863,37436.5
2023-01-08,Google,Asia,128243,2771,2667.82,222,13216.65
2024-10-17,Google,Asia,118458,5895,1347.62,1109,56136.44
2023-02-28,LinkedIn,Asia,228456,5585,3745.77,1068,63971.88
2023-09-23,LinkedIn,Middle East,151783,1578,3123.61,147,4957.82
2024-12-31,Instagram,Middle East,287640,12747,2782.92,746,40004.66
2024-07-25,Instagram,Asia,75586,4856,1075.75,314,15388.34
2024-07-26,Instagram,Asia,221556,3926,1500.14,278,13835.61
2023-11-11,LinkedIn,Asia,147434,5269,3135.07,524,28321.44
2024-04-26,Facebook,Europe,173789,4187,2752.15,747,26344.28
2023-11-02,LinkedIn,Europe,278287,5940,1118.14,460,15505.13
2024-08-06,LinkedIn,North America,132938,3954,4005.24,549,18284.54
2023-07-01,Google,Europe,51235,2851,1730.88,222,9557.36
2023-06-12,LinkedIn,Europe,83922,6033,2451.7,929,33570.1
2024-05-03,LinkedIn,Europe,59889,3186,1397.36,432,25057.19
2023-11-26,Instagram,Europe,227405,1135,3320.09,113,3282.72
2023-12-19,Google,North America,76924,4142,2765.01,363,9685.13
2023-02-16,Google,Asia,169518,12924,2841.3,2196,73595.44
2024-12-04,Instagram,Asia,286292,17062,2116.63,821,21834.77
2024-02-18,Facebook,North America,108804,6956,4931.96,482,23793.0
2024-08-26,Instagram,Europe,146099,11658,4064.57,1586,87327.96
